{"mean":{"confidence_interval":{"confidence_level":0.95,"lower_bound":-0.002342204650434887,"upper_bound":0.0008661977414733289},"point_estimate":-0.0007010958066417938,"standard_error":0.000820512520937867},"median":{"confidence_interval":{"confidence_level":0.95,"lower_bound":-0.0013797048014381197,"upper_bound":0.00038196052102712486},"point_estimate":-0.0008015415216346966,"standard_error":0.00046434931339626084}}