{"mean":{"confidence_interval":{"confidence_level":0.95,"lower_bound":-0.00136565289389374,"upper_bound":0.0025542618644520273},"point_estimate":0.000669160167393601,"standard_error":0.000989583500098493},"median":{"confidence_interval":{"confidence_level":0.95,"lower_bound":0.0010774273983857885,"upper_bound":0.0018633263654666},"point_estimate":0.0014807304130994847,"standard_error":0.00020358716584371005}}